<?xml version="1.0"?>
<?xml-stylesheet type="text/xsl" href="footballCatalogXSLT.xsl"?>
<footballSite xmlns:xsi="http://www.w3.org/2001/XMLSchema-instance" xsi:noNamespaceSchemaLocation="footballCatalogScheme.xsd">
	<teamList>
		<football>
				<teamInformation>
					 <name>ФК Барселона</name>
					 <location>Барселона</location>
					 <league>Примера Дивисион</league>
					 <id>1</id>
					 <leagueId>202</leagueId>
					 <stadium>„Камп Ноу“</stadium>
					 <coach>Роналд Куман</coach>
					 <year>1899</year>
					 <president>Карлес Тускетс</president>
					 <site href="https://www.fcbarcelona.com/en/">www.fcbarcelona.com</site>
				</teamInformation>
				<playerList>
					<player>Марк-Андре тер Стеген</player>
					<player>Жерард Пике</player>
					<player>Клеман Лангле</player>
					<player>Жорди Алба</player>
					<player>Самюел Юмтити</player>
					<player>Серхио Бускетс</player>
					<player>Миралем Пянич</player>
					<player>Филипе Коутиньо</player>
					<player>Карлес Аленя</player>
					<player>Серхи Роберто</player>
					<player>Лионел Меси</player>
					<player>Мартин Брайтуайт</player>
				</playerList>
		 </football>
		 <football>
				<teamInformation>
					 <name>ФК Атлетико Мадрид</name>
					 <location>Мадрид</location>
					 <league>Примера Дивисион</league>
					 <id>2</id>
					 <leagueId>202</leagueId>
					 <stadium>Уанда Метрополитано</stadium>
					 <coach>Диего Симеоне</coach>
					 <year>1903</year>
					 <president>Енрике Сересо</president>
					 <site href="https://en.atleticodemadrid.com/">atleticodemadrid.com</site>
				</teamInformation>
				<playerList>
          <player>Антонио Адан</player>
          <player>Хосе Хименес</player>
          <player>Сантяго Ариас</player>
          <player>Ренан Лоди</player>
          <player>Стефан Савич</player>
          <player>Серхио Бускетс</player>
          <player>Томас Партей</player>
          <player>Коке</player>
          <player>Саул</player>
          <player>Жоао Феликс</player>
          <player>Алваро Мората</player>
          <player>Диего Коста</player>
				</playerList>
		 </football>
		 <football>
       <teamInformation>
         <name>ФК Реал Мадрид</name>
         <location>Мадрид</location>
         <league>Примера Дивисион</league>
         <id>3</id>
         <leagueId>202</leagueId>
         <stadium>Сантяго Бернабеу</stadium>
         <coach>Зинедин Зидан</coach>
         <year>1902</year>
         <president>Флорентино Перес</president>
         <site href="https://www.realmadrid.com/">www.realmadrid.com</site>
       </teamInformation>
				<playerList>
					<player>Тибо Куртоа</player>
					<player>Даниел Карвахал</player>
          <player>Едер Милитао</player>
          <player>Серхио Рамос</player>
          <player>Рафаел Варан</player>
          <player>Марсело</player>
          <player>Еден Азар</player>
          <player>Тони Кроос</player>
          <player>Гарет Бейл</player>
          <player>Карим Бензема</player>
          <player>Винисиус Жуниор</player>
          <player>Лука Йович</player>
				</playerList>
		 </football>
		 <football>
       <teamInformation>
         <name>ФК Ливърпул</name>
         <location>Ливърпул</location>
         <league>Висша лига</league>
         <id>4</id>
         <leagueId>203</leagueId>
         <stadium>Анфийлд</stadium>
         <coach>Юрген Клоп</coach>
         <year>1892</year>
         <president>Том Вегнер</president>
         <site href="https://www.liverpoolfc.com/">www.liverpoolfc.com</site>
       </teamInformation>
				<playerList>
          <player>Алисон</player>
          <player>Натаниел Клайн</player>
          <player>Върджил ван Дайк</player>
          <player>Деян Ловрен</player>
          <player>Джо Гомес</player>
          <player>Фабиньо</player>
          <player>Жоржиньо Вейналдум</player>
          <player>Джеймс Милнър</player>
          <player>Роберто Фирмино</player>
          <player>Садио Мане</player>
          <player>Мохамед Салах</player>
				</playerList>
		 </football>
		 <football>
       <teamInformation>
         <name>ФК Манчестър Юнайтед</name>
         <location>Манчестър</location>
         <league>Висша лига</league>
         <id>5</id>
         <leagueId>203</leagueId>
         <stadium>Олд Трафорд</stadium>
         <coach>Оле Гунар Солскяер</coach>
         <year>1878</year>
         <president>Джоел Глейзър</president>
         <site href="https://www.manutd.com/">www.manutd.com</site>
       </teamInformation>
				<playerList>
					<player>Давид де Хеа</player>
					<player>Виктор Линдельоф</player>
					<player>Ерик Баи</player>
					<player>Фил Джоунс</player>
					<player>Хари Магуайър</player>
					<player>Пол Погба</player>
					<player>Хуан Мата</player>
					<player>Джеси Лингард</player>
          <player>Маркъс Рашфорд</player>
          <player>Антони Марсиал</player>
          <player>Мейсън Грийнууд</player>
				</playerList>
		 </football>
    <football>
      <teamInformation>
        <name>ФК Манчестър Сити</name>
        <location>Манчестър</location>
        <league>Висша лига</league>
        <id>6</id>
        <leagueId>203</leagueId>
        <stadium>Етихад Стейдиъм</stadium>
        <coach>Хосеп Гуардиола</coach>
        <year>1880</year>
        <president>Халдун ал Мубарак</president>
        <site href="https://www.mancity.com/">www.mancity.com</site>
      </teamInformation>
      <playerList>
        <player>Клаудио Браво</player>
        <player>Кайл Уокър</player>
        <player>Джон Стоунс</player>
        <player>Анхелиньо</player>
        <player>Илкай Гюндоган</player>
        <player>Олександър Зинченко</player>
        <player>Родри</player>
        <player>Кевин Де Бройне</player>
        <player>Рахим Стърлинг</player>
        <player>Габриел Жезус</player>
      </playerList>
    </football>
    <football>
      <teamInformation>
        <name>ПФК ЦСКА</name>
        <location>София</location>
        <league>Първа лига</league>
        <id>7</id>
        <leagueId>204</leagueId>
        <stadium>Българска армия</stadium>
        <coach>Бруно Акрапович</coach>
        <year>1948</year>
        <president>Гриша Ганчев</president>
        <site href="http://cska.bg/">cska.bg</site>
      </teamInformation>
      <playerList>
        <player>Густаво Бузато</player>
        <player>Юрген Матей</player>
        <player>Джеферсон</player>
        <player>Петър Занев</player>
        <player>Асен Дончев</player>
        <player>Митко Митков</player>
        <player>Енрике Рафаел</player>
        <player>Греъм Кери</player>
        <player>Адалберто Пеняранда</player>
        <player>Ахмед Ахмедов</player>
      </playerList>
    </football>
    <football>
      <teamInformation>
        <name>ПФК Левски</name>
        <location>София</location>
        <league>Първа лига</league>
        <id>8</id>
        <leagueId>204</leagueId>
        <stadium>Арена "Георги Аспарухов“</stadium>
        <coach>Славиша Стоянович</coach>
        <year>1914</year>
        <president>Наско Сираков</president>
        <site href="https://www.levski.bg/">www.levski.bg</site>
      </teamInformation>
      <playerList>
        <player>Иван Андонов</player>
        <player>Алекс Петков</player>
        <player>Живко Атанасов</player>
        <player>Ивайло Найденов</player>
        <player>Матео Стаматов</player>
        <player>Мартин Райнов</player>
        <player>Паулиньо</player>
        <player>Симеон Славчев</player>
        <player>Борислав Цонев</player>
        <player>Стивън Петков</player>
        <player>Найджъл Робърта</player>
      </playerList>
    </football>
    <football>
      <teamInformation>
        <name>ПОФК „Ботев“ Враца"</name>
        <location>Враца</location>
        <league>Първа лига</league>
        <id>9</id>
        <leagueId>204</leagueId>
        <stadium>Христо Ботев</stadium>
        <coach>Антони Здравков</coach>
        <year>1921</year>
        <president>Христо Илиев</president>
        <site href="https://www.botev-vratsa.com/">www.botev-vratsa.com</site>
      </teamInformation>
      <playerList>
        <player>Христо Митов</player>
        <player>Костадин Ничев</player>
        <player>Димитър Буров</player>
        <player>Илия Миланов</player>
        <player>Даниел Гаджев</player>
        <player>Педро Лагоа</player>
        <player>Даниел Генов</player>
        <player>Петър Атанасов</player>
        <player>Мирослав Маринов</player>
        <player>Валери Домовчийски</player>
      </playerList>
    </football>		
    <football>
      <teamInformation>
        <name>ФК Пари Сен Жермен</name>
        <location>Париж</location>
        <league>Лига 1</league>
        <id>10</id>
        <leagueId>201</leagueId>
        <stadium>Парк де Пренс</stadium>
        <coach>Томас Тухел</coach>
        <year>1970</year>
        <president>Насер Ал-Келаифи</president>
        <site href="https://en.psg.fr/">en.psg.fr</site>
      </teamInformation>
      <playerList>
        <player>Кейлор Навас</player>
        <player>Преснел Кимпембе</player>
        <player>Тило Керер</player>
        <player>Маркиньос</player>
        <player>Хуан Бернат</player>
        <player>Марко Верати</player>
        <player>Леандро Паредес</player>
        <player>Анхел Ди Мария</player>
        <player>Килиан Мбапе</player>
        <player>Мауро Икарди</player>
        <player>Неймар</player>
      </playerList>
    </football>
  
	</teamList>
	
	 <kitList>
      <kit>
        <name>ФК Барселона</name>
        <type>Домакин</type>
        <color>Червен, син</color>
        <id>11</id>
      </kit>
	  <kit>
        <name>ФК Барселона</name>
        <type>Гост</type>
        <color>Жълт,червен,син</color>
        <id>12</id>
      </kit>
      <kit>
        <name>ФК Атлетико Мадрид</name>
        <type>Домакин</type>
        <color>Син, червен,бял</color>
        <id>13</id>
      </kit>
	  <kit>
        <name>ФК Атлетико Мадрид</name>
        <type>Гост</type>
        <color>Черен</color>
        <id>14</id>
      </kit>
      <kit>
        <name>ФК Реал Мадрид</name>
        <type>Домакин</type>
        <color>Бял</color>
        <id>15</id>
      </kit>
	  <kit>
        <name>ФК Реал Мадрид</name>
        <type>Гост</type>
        <color>Светло червен</color>
        <id>16</id>
      </kit>
      <kit>
        <name>ФК Ливърпул</name>
        <type>Домакин</type>
        <color>Червен</color>
        <id>17</id>
      </kit>
	  <kit>
        <name>ФК Ливърпул</name>
        <type>Гост</type>
        <color>Бял, син</color>
        <id>18</id>
      </kit>
      <kit>
        <name>ФК Манчестър Юнайтед</name>
        <type>Домакин</type>
        <color>Червен, бял, черен</color>
        <id>19</id>
      </kit>
	  <kit>
        <name>ФК Манчестър Юнайтед</name>
        <type>Гост</type>
        <color>Черен</color>
        <id>20</id>
      </kit>
      <kit>
        <name>ФК Манчестър Сити</name>
        <type>Домакин</type>
        <color>Син, бял</color>
        <id>21</id>
      </kit>
	  <kit>
        <name>ФК Манчестър Сити</name>
        <type>Гост</type>
        <color>Черен</color>
        <id>22</id>
      </kit>
      <kit>
        <name>ПФК ЦСКА</name>
        <type>Домакин</type>
        <color>Червен, бял</color>
        <id>23</id>
      </kit>
	  <kit>
        <name>ПФК ЦСКА</name>
        <type>Гост</type>
        <color>Бял, червен</color>
        <id>24</id>
      </kit>
      <kit>
        <name>ПФК Левски</name>
        <type>Домакин</type>
        <color>Син</color>
        <id>25</id>
      </kit>
      <kit>
        <name>ПФК Левски</name>
        <type>Гост</type>
        <color>Черен</color>
        <id>26</id>
      </kit>
      <kit>
        <name>ПОФК „Ботев“ Враца</name>
        <type>Домакин</type>
        <color>Зелен</color>
        <id>27</id>
      </kit>
	  <kit>
        <name>ПОФК „Ботев“ Враца</name>
        <type>Гост</type>
        <color>Червен</color>
        <id>28</id>
      </kit>
      <kit>
        <name>ФК Пари Сен Жермен</name>
        <type>Домакин</type>
        <color>Син, червен, бял</color>
        <id>29</id>
      </kit>
	  <kit>
        <name>ФК Пари Сен Жермен</name>
        <type>Гост</type>
        <color>Бял, червен, син</color>
        <id>30</id>
      </kit>
    </kitList>

	<branchList>
		<branch>
			<clubName>ФК Барселона</clubName>
			<team nameRef="ФК Барселона" idRef="1"/>
		</branch>
		<branch>
			<clubName>ФК Атлетико Мадрид</clubName>
			<team nameRef="ФК Атлетико Мадрид" idRef="2"/>
		</branch>
		<branch>
			<clubName>ФК Реал Мадрид</clubName>
			<team nameRef="ФК Реал Мадрид" idRef="3"/>
		</branch>
		<branch>
			<clubName>ФК Ливърпул</clubName>
			<team nameRef="ФК Ливърпул" idRef="4"/>
		</branch>
		<branch>
			<clubName>ФК Манчестър Юнайтед</clubName>
			<team nameRef="ФК Манчестър Юнайтед" idRef="5"/>
		</branch>
		<branch>
			<clubName>ФК Манчестър Сити</clubName>
			<team nameRef="ФК Манчестър Сити" idRef="6"/>
		</branch>
  <branch>
			<clubName>ПФК ЦСКА</clubName>
			<team nameRef="ПФК ЦСКА" idRef="7"/>
		</branch>
   <branch>
			<clubName>ПФК Левски</clubName>
			<team nameRef="ПФК Левски" idRef="8"/>
		</branch>
  <branch>
			<clubName>ПОФК „Ботев“ Враца</clubName>
			<team nameRef="ПФК Левски" idRef="9"/>
		</branch>
  <branch>
			<clubName>ФК Пари Сен Жермен</clubName>
			<team nameRef="ФК Пари Сен Жермен" idRef="10"/>
		</branch>
	</branchList>

  <leagueList>
    <leagueInfo>
      <leagueName>Лига 1</leagueName>
      <reg regRef="Лига 1" regIdRef="201"/>
    </leagueInfo>
    <leagueInfo>
      <leagueName>Примера Дивисион</leagueName>
      <reg regRef="Примера Дивисион" regIdRef="202"/>
    </leagueInfo>
    <leagueInfo>
      <leagueName>Висша лига</leagueName>
      <reg regRef="Висша лига" regIdRef="203"/>
    </leagueInfo>
    <leagueInfo>
      <leagueName>Първа лига</leagueName>
      <reg regRef="Първа лига" regIdRef="204"/>
    </leagueInfo>
  </leagueList>
</footballSite>